restaurent_name,location,ratings,number_of_rating,Food Item Name,item_prices,item_description,category
The Belgian Waffle Co.,"V V Puram, Shankarapura",4.5,100+ ratings,Bachpan Ka Pyaar Mini Waffle Combo,549,Save Rs. 62 flat and enjoy the Best of BWC for him & her. Combo includes Mini Waffles pack of 4 - Assorted and Chocolate Range,Recommended
The Belgian Waffle Co.,"V V Puram, Shankarapura",4.5,100+ ratings,Yaaro Ka Waffle Combo,449,Save Rs. 44 flat and enjoy the Top sellers with your tribe this Valentine. Combo includes Naked Nutella Waffle + Triple Chocolate Waffle + Red Velvet Waffle,Recommended
The Belgian Waffle Co.,"V V Puram, Shankarapura",4.5,100+ ratings,Ek Main Hu Aur Ekk Tu Combo,349,Save Rs. 31 flat and enjoy the delicious Waffle Sundaes. Combo Includes Rocky Road Sundae & Triple Cookie Sundae,Recommended
The Belgian Waffle Co.,"V V Puram, Shankarapura",4.5,100+ ratings,Keep Cake & Celebrate Valentines + 1 Free Delight,530,"Choose any one double-layer waffle cake, Death by chocolate Waffle Cake / Red velvet waffle Cake / Kiki and Oreo Cream waffle cake and select 1 FREE waffle or pancake from our top picks.",Recommended
The Belgian Waffle Co.,"V V Puram, Shankarapura",4.5,100+ ratings,Chocolate Oats Pancake & Waffle Mix,214,"Now enjoy your favourite, 100% vegetarian, original waffles and pancakes at home with the belgian waffle co. Pancake and waffle premix. This super easy 3-step premix requires you to just mix, cook, and enjoy! Try our original, multigrain or chocolate oats variants with toppings of your choice. Get 10% off on mrp.",Recommended
The Belgian Waffle Co.,"V V Puram, Shankarapura",4.5,100+ ratings,Milk Chocolate Spread,236.55,"A delicious, creamy smooth spread from your favourite, The Belgian Waffle Co. Spread it onto your favourites or to magically transform something into your new favourite.",Recommended
The Belgian Waffle Co.,"V V Puram, Shankarapura",4.5,100+ ratings,Chocolate Waffle Crisps,114.28,"Thin, crunchy, wholesome and delightfully addictive. Uniquely rich flavours that evoke nostalgic tastes. From the creators of the original waffwich, these baked waffle crisps with just the right chocolate drizzle make for the perfect bite-sized and versatile snack that is sure to hit the spot. Enjoy with coffee or tea, ice cream or cake, nut butters or spreads, or just on its delicious own.",Recommended
The Belgian Waffle Co.,"V V Puram, Shankarapura",4.5,100+ ratings,Stroopwafel x 4,350.40,Introducing new thin and crispy waffle cookie sandwiched and drizzled with delicious chocolate! Pick any 4 of your choice.,Recommended
The Belgian Waffle Co.,"V V Puram, Shankarapura",4.5,100+ ratings,Belgian Chocolate Milk Waffle,145.71,Classic crispy waffle + melted belgian milk chocolate. Simplicity at its best.,Recommended
The Belgian Waffle Co.,"V V Puram, Shankarapura",4.5,100+ ratings,Naked Nutella Waffle,172.38,Classic crispy waffle + premium european chocolate hazelnut spread (add banana if you like). A universal favorite.,Recommended
The Belgian Waffle Co.,"V V Puram, Shankarapura",4.5,100+ ratings,Kitkat Waffle,155.24,Classic crispy waffle + melted belgian white chocolate and kit kat bits. Kit kat lovers.,Recommended
The Belgian Waffle Co.,"V V Puram, Shankarapura",4.5,100+ ratings,Dark & White Fantasy Waffle,155.24,Signature dark chocolate batter + fondant of melted belgian white chocolate. A match made in heaven.,Recommended
The Belgian Waffle Co.,"V V Puram, Shankarapura",4.5,100+ ratings,Triple Chocolate Waffle,165.71,"Signature dark chocolate batter + 3 layers of white, milk and dark melted belgian chocolate. The most indulgent chocolate waffle.",Recommended
The Belgian Waffle Co.,"V V Puram, Shankarapura",4.5,100+ ratings,Red Velvet Waffle,155.24,Original red velvet waffle + philadelphia style cream cheese and melted belgian white chocolate. A true original.,Recommended
The Belgian Waffle Co.,"V V Puram, Shankarapura",4.5,100+ ratings,Pink Almond Crunch Waffle,145.71,Original Red Velvet Waffle + Roasted Almond bits in a creamy cotton candy filling. Re-live your childhood memories,Recommended
The Belgian Waffle Co.,"V V Puram, Shankarapura",4.5,100+ ratings,Cashewnut Butter Waffle,165.71,Classic crispy waffle + creamy cashewnut butter with melted chocolate swirl.,Recommended
The Belgian Waffle Co.,"V V Puram, Shankarapura",4.5,100+ ratings,Rocky Road Waffle,184.76,Signature Dark Chocolate Waffles + Vanilla Ice Cream + Oreos + Roasted Almonds + Fudge. Simply Majestic.,Recommended
The Belgian Waffle Co.,"V V Puram, Shankarapura",4.5,100+ ratings,Chocolate Mini Waffle Combo Pack of 4,309.52,"Cant pick one try a carefully curated assortment of our bestseller chocolate favorites. Includes our naked nutella, belgian chocolate, chocolate overload and dark & white fantasy mini waffles all in one combo pack.",Recommended
The Belgian Waffle Co.,"V V Puram, Shankarapura",4.5,100+ ratings,Assorted Mini Waffle Combo Pack of 6,439.05,"In the mood for variety try a carefully curated and eclectic range of some of our fan favorites. Includes our naked nutella, belgian chocolate, chcoolate overload, dark & white fantasy, red velvet, pink almond crunch all in one combo pack.",Recommended
The Belgian Waffle Co.,"V V Puram, Shankarapura",4.5,100+ ratings,Triple Chocolate Pancakes (8 Pcs),136.19,"Signature dark chocolate batter + 3 layers of white, milk and dark melted belgian chocolate. The most indulgent mini chocolate pancakes.",Recommended
The Belgian Waffle Co.,"V V Puram, Shankarapura",4.5,100+ ratings,Ice Cream And Fudge Chocolate Pancakes (8Pcs),125.71,Classic mini pancakes + a thick layer of chocolate ice cream topped with chocolate fudge. A dreamy combination.,Recommended
The Belgian Waffle Co.,"V V Puram, Shankarapura",4.5,100+ ratings,Ice Cream And Fudge Vanilla Pancakes (8Pcs),125.71,Classic mini pancakes + a thick layer of vanilla ice cream topped with chocolate fudge. A dreamy combination.,Recommended
The Belgian Waffle Co.,"V V Puram, Shankarapura",4.5,100+ ratings,Triple Cookie Mini Pancake,165.71,"Original red velvet mini pancake + a divine combination of biscoff, oreo and kit kat bits in melted white chocolate and vanilla ice cream. A must try symphony of flavours and textures.",Recommended
The Belgian Waffle Co.,"V V Puram, Shankarapura",4.5,100+ ratings,Death By Chocolate Waffle Cake(Double Layer),529.52,"Signature dark chocolate double layer waffle cake layered inside and out with creamy White, Milk and Dark melted Belgian Chocolate. Triple the chocolate, triple the fun! Sorry! Our specialised Waffle Cake do not allow for customised icing messages.",Recommended
The Belgian Waffle Co.,"V V Puram, Shankarapura",4.5,100+ ratings,Red Velvet Waffle Cake(Single Layer),330.48,Original Red Velvet single layer waffle cake layered with Philadelphia style cream cheese and melted white chocolate topped with red velvet crumbs. A true Original! Sorry! Our specialised Waffle Cake do not allow for customised icing messages.,Recommended
The Belgian Waffle Co.,"V V Puram, Shankarapura",4.5,100+ ratings,Belgian Chocolate Shake,160.95,One of our darker chocolate shakes made with belgian chocolate.,Recommended
The Belgian Waffle Co.,"V V Puram, Shankarapura",4.5,100+ ratings,Signature Cold Coffee,130.48,Our perfectly balanced cold coffee.,Recommended
The Belgian Waffle Co.,"V V Puram, Shankarapura",4.5,100+ ratings,Stroopwafel Box Of 6- Chocolate  ,533,"Indulge in our newly launched stroopwafels. The chocolate pack of 6 includes 2 pieces of sir chocolate dark, sir chocolat milk and voila nutella.",Recommended
The Belgian Waffle Co.,"V V Puram, Shankarapura",4.5,100+ ratings,Stroopwafel Box Of 6- Assorted  ,514,"Indulge in our newly launched stroopwafels. The assorted pack of 6 includes sir chocolat milk, sir chocolate dark, sir chocolat white, the red dutchess, voila Nutella and kiki and cream.",Recommended
The Belgian Waffle Co.,"V V Puram, Shankarapura",4.5,100+ ratings,Happiness In Mini Version + 1 Free Delight,456,Buy Chocolate Mini Waffle Combo pack of 6 and select 1 FREE waffle or pancake from our top picks.,Recommended
The Belgian Waffle Co.,"V V Puram, Shankarapura",4.5,100+ ratings,Keep Cake & Celebrate + 1 Free Delight        ,529.52,"Choose any one double-layer waffle cake, Death by chocolate Waffle Cake / Red velvet waffle Cake / Kiki and Oreo Cream waffle cake and select 1 FREE waffle or pancake from our top picks.",Recommended
The Belgian Waffle Co.,"V V Puram, Shankarapura",4.5,100+ ratings,3 Belgian Chocolate Milk Waffle + 1 Free Delight         ,437.14,Buy belgian chocolate waffle & select 1 free waffle or pancake from our top picks,Recommended
The Belgian Waffle Co.,"V V Puram, Shankarapura",4.5,100+ ratings,3 Belgian Chocolate Dark Waffle + 1 Free Delight                ,437.14,Buy belgian chocolate waffle & select 1 free waffle or pancake from our top picks,Recommended
The Belgian Waffle Co.,"V V Puram, Shankarapura",4.5,100+ ratings,Triple Flavour Festivities + 1 Free Delight,466.67,"Buy triple chocolate, red velvet, Kiki & Oreo Cream Waffle & select 1 free waffle or pancake from our top picks.",Recommended
The Belgian Waffle Co.,"V V Puram, Shankarapura",4.5,100+ ratings,Signature Waffles + 1 FREE Delight,447,Pink almond crunch waffle + Dark & White Fantasy waffle + Belgian chocolate waffle (dark) and select 1 FREE waffle or pancake from our top picks.,Recommended
The Belgian Waffle Co.,"V V Puram, Shankarapura",4.5,100+ ratings,Nutella Fix - Combo of 3,547.62,Naked nutella waffle + naked nutella pancake + nutella shake,Recommended
The Belgian Waffle Co.,"V V Puram, Shankarapura",4.5,100+ ratings,Bachpan Ka Pyaar Mini Waffle Combo,549,Save Rs. 62 flat and enjoy the Best of BWC for him & her. Combo includes Mini Waffles pack of 4 - Assorted and Chocolate Range,Valentines Specials
The Belgian Waffle Co.,"V V Puram, Shankarapura",4.5,100+ ratings,Yaaro Ka Waffle Combo,449,Save Rs. 44 flat and enjoy the Top sellers with your tribe this Valentine. Combo includes Naked Nutella Waffle + Triple Chocolate Waffle + Red Velvet Waffle,Valentines Specials
The Belgian Waffle Co.,"V V Puram, Shankarapura",4.5,100+ ratings,Ek Main Hu Aur Ekk Tu Combo,349,Save Rs. 31 flat and enjoy the delicious Waffle Sundaes. Combo Includes Rocky Road Sundae & Triple Cookie Sundae,Valentines Specials
The Belgian Waffle Co.,"V V Puram, Shankarapura",4.5,100+ ratings,Keep Cake & Celebrate Valentines + 1 Free Delight,530,"Choose any one double-layer waffle cake, Death by chocolate Waffle Cake / Red velvet waffle Cake / Kiki and Oreo Cream waffle cake and select 1 FREE waffle or pancake from our top picks.",Valentines Specials
The Belgian Waffle Co.,"V V Puram, Shankarapura",4.5,100+ ratings,Chocolate Oats Pancake & Waffle Mix,214,"Now enjoy your favourite, 100% vegetarian, original waffles and pancakes at home with the belgian waffle co. Pancake and waffle premix. This super easy 3-step premix requires you to just mix, cook, and enjoy! Try our original, multigrain or chocolate oats variants with toppings of your choice. Get 10% off on mrp.",Make at Home Specials
The Belgian Waffle Co.,"V V Puram, Shankarapura",4.5,100+ ratings,Milk Chocolate Spread,236.55,"A delicious, creamy smooth spread from your favourite, The Belgian Waffle Co. Spread it onto your favourites or to magically transform something into your new favourite.",Make at Home Specials
The Belgian Waffle Co.,"V V Puram, Shankarapura",4.5,100+ ratings,Dark Chocolate Spread,236.55,"A delicious, creamy smooth spread from your favourite, The Belgian Waffle Co. Spread it onto your favourites or to magically transform something into your new favourite.",Make at Home Specials
The Belgian Waffle Co.,"V V Puram, Shankarapura",4.5,100+ ratings,Kiki & Cream Spread,236.55,"A delicious, creamy smooth spread from your favourite, The Belgian Waffle Co. Spread it onto your favourites or to magically transform something into your new favourite.",Make at Home Specials
The Belgian Waffle Co.,"V V Puram, Shankarapura",4.5,100+ ratings,Chocolate Waffle Crisps,114.28,"Thin, crunchy, wholesome and delightfully addictive. Uniquely rich flavours that evoke nostalgic tastes. From the creators of the original waffwich, these baked waffle crisps with just the right chocolate drizzle make for the perfect bite-sized and versatile snack that is sure to hit the spot. Enjoy with coffee or tea, ice cream or cake, nut butters or spreads, or just on its delicious own.",Waffle Crisps
The Belgian Waffle Co.,"V V Puram, Shankarapura",4.5,100+ ratings,Double Chocolate Waffle Crisps,114.28,"Thin, crunchy, wholesome and delightfully addictive. Uniquely rich flavours that evoke nostalgic tastes. From the creators of the original waffwich, these baked waffle crisps with just the right chocolate drizzle make for the perfect bite-sized and versatile snack that is sure to hit the spot. Enjoy with coffee or tea, ice cream or cake, nut butters or spreads, or just on its delicious own.",Waffle Crisps
The Belgian Waffle Co.,"V V Puram, Shankarapura",4.5,100+ ratings,Stroopwafel x 2,175,Introducing new thin and crispy waffle cookie sandwiched and drizzled with delicious chocolate! Pick any 2 of your choice.,Stroopwafel
The Belgian Waffle Co.,"V V Puram, Shankarapura",4.5,100+ ratings,Stroopwafel x 4,350.40,Introducing new thin and crispy waffle cookie sandwiched and drizzled with delicious chocolate! Pick any 4 of your choice.,Stroopwafel
The Belgian Waffle Co.,"V V Puram, Shankarapura",4.5,100+ ratings,Honey Butter Waffle,107.62,Classic crispy waffle + warm melted butter with a golden honey drizzle. An american classic.,
The Belgian Waffle Co.,"V V Puram, Shankarapura",4.5,100+ ratings,Maple Butter Waffle,107.62,Classic crispy waffle + warm melted butter with maple syrup drizzle. An american classic.,
The Belgian Waffle Co.,"V V Puram, Shankarapura",4.5,100+ ratings,Strawberry Creamcheese Waffle,155.24,Classic crispy waffle + strawberry compote layered with philadelphia style cream cheese. Deliciously tart.,
The Belgian Waffle Co.,"V V Puram, Shankarapura",4.5,100+ ratings,Blueberry Creamcheese Waffle,164.76,Classic crispy waffle + blueberry compote layered with philadelphia style cream cheese. Deliciously tart.,
The Belgian Waffle Co.,"V V Puram, Shankarapura",4.5,100+ ratings,Belgian Chocolate Milk Waffle,145.71,Classic crispy waffle + melted belgian milk chocolate. Simplicity at its best.,
The Belgian Waffle Co.,"V V Puram, Shankarapura",4.5,100+ ratings,Belgian Chocolate Dark Waffle,145.71,Classic crispy waffle + melted belgian dark chocolate. Darker simplicity.,
The Belgian Waffle Co.,"V V Puram, Shankarapura",4.5,100+ ratings,Butterscotch Crunch Waffle,135.24,Classic crispy waffle + crunchy butterscotch fudge. Go on indulge.,
The Belgian Waffle Co.,"V V Puram, Shankarapura",4.5,100+ ratings,Coffee Mocha Waffle,145.71,Classic crispy waffle + melted chocolate infused with coffee crumbs. For coffee lovers.,
The Belgian Waffle Co.,"V V Puram, Shankarapura",4.5,100+ ratings,Naked Nutella Waffle,172.38,Classic crispy waffle + premium european chocolate hazelnut spread (add banana if you like). A universal favorite.,
The Belgian Waffle Co.,"V V Puram, Shankarapura",4.5,100+ ratings,Kitkat Waffle,155.24,Classic crispy waffle + melted belgian white chocolate and kit kat bits. Kit kat lovers.,
The Belgian Waffle Co.,"V V Puram, Shankarapura",4.5,100+ ratings,Chocolate Overload Milk Waffle,155.24,Signature dark chocolate batter + melted belgian milk chocolate. Double the chocolate.,
The Belgian Waffle Co.,"V V Puram, Shankarapura",4.5,100+ ratings,Chocolate Overload Dark Waffle,155.24,Signature dark chocolate batter + melted belgian dark chocolate. Double the chocolate.,
The Belgian Waffle Co.,"V V Puram, Shankarapura",4.5,100+ ratings,Dark & White Fantasy Waffle,155.24,Signature dark chocolate batter + fondant of melted belgian white chocolate. A match made in heaven.,
The Belgian Waffle Co.,"V V Puram, Shankarapura",4.5,100+ ratings,Triple Chocolate Waffle,165.71,"Signature dark chocolate batter + 3 layers of white, milk and dark melted belgian chocolate. The most indulgent chocolate waffle.",
The Belgian Waffle Co.,"V V Puram, Shankarapura",4.5,100+ ratings,Biscoff Milkyway Waffle,155.24,Signature black velvet waffle + fondant of melted white chocolate filled with crunchy lotus biscoff bits. An all time favourite.,
The Belgian Waffle Co.,"V V Puram, Shankarapura",4.5,100+ ratings,Kiki And Oreo Cream Waffle,145.71,Signature black velvet waffle + our special blue filling with crunchy oreo bits. Kiki do you love me.,
The Belgian Waffle Co.,"V V Puram, Shankarapura",4.5,100+ ratings,Red Velvet Waffle,155.24,Original red velvet waffle + philadelphia style cream cheese and melted belgian white chocolate. A true original.,
The Belgian Waffle Co.,"V V Puram, Shankarapura",4.5,100+ ratings,Pink Almond Crunch Waffle,145.71,Original Red Velvet Waffle + Roasted Almond bits in a creamy cotton candy filling. Re-live your childhood memories,
The Belgian Waffle Co.,"V V Puram, Shankarapura",4.5,100+ ratings,Cashewnut Butter Waffle,165.71,Classic crispy waffle + creamy cashewnut butter with melted chocolate swirl.,
The Belgian Waffle Co.,"V V Puram, Shankarapura",4.5,100+ ratings,Almond Cocoa Butter Waffle,165.71,Classic crispy waffle + cocoa butter topped with roasted almonds. Healthier and delicious.,
The Belgian Waffle Co.,"V V Puram, Shankarapura",4.5,100+ ratings,Peanut Butter Waffle,145.71,Classic crispy waffle + crunchy roasted peanut butter with melted chocolate swirl (add banana if you like).,
The Belgian Waffle Co.,"V V Puram, Shankarapura",4.5,100+ ratings,Ice Cream And Fudge Chocolate Waffle,165.71,Classic crispy waffle + a thick layer of Chocolate ice cream topped with chocolate fudge. A dreamy combination.,
The Belgian Waffle Co.,"V V Puram, Shankarapura",4.5,100+ ratings,Triple Cookie Waffle,195.24,"Original red velvet waffle + a divine combination of biscoff, oreo and kit kat bits in melted white chocolate and vanilla ice cream. A must try symphony of flavours and textures.",
The Belgian Waffle Co.,"V V Puram, Shankarapura",4.5,100+ ratings,Ice Cream And Fudge Vanilla Waffle,165.71,Classic crispy waffle + a thick layer of vanilla ice cream topped with chocolate fudge. A dreamy combination.,
The Belgian Waffle Co.,"V V Puram, Shankarapura",4.5,100+ ratings,Rocky Road Waffle,184.76,Signature Dark Chocolate Waffles + Vanilla Ice Cream + Oreos + Roasted Almonds + Fudge. Simply Majestic.,
The Belgian Waffle Co.,"V V Puram, Shankarapura",4.5,100+ ratings,Chocolate Mini Waffle Combo Pack of 4,309.52,"Cant pick one try a carefully curated assortment of our bestseller chocolate favorites. Includes our naked nutella, belgian chocolate, chocolate overload and dark & white fantasy mini waffles all in one combo pack.",Mini Waffles
The Belgian Waffle Co.,"V V Puram, Shankarapura",4.5,100+ ratings,Assorted Mini Waffle Combo Pack of 4,301.90,"In the mood for variety try a carefully curated and eclectic range of some of our fan favorites. Includes our belgian chocolate, almond cocoa butter, red velvet & pink almond crunch all in one combo pack.",Mini Waffles
The Belgian Waffle Co.,"V V Puram, Shankarapura",4.5,100+ ratings,Chocolate Mini Waffle Combo Pack of 6,456.19,"Cant pick one try a carefully curated assortment of our bestseller chocolate favorites. Includes our naked nutella, belgian chocolate milk & dark, chocolate overload, kitkat and dark & white fantasy mini waffles all in one combo pack.",Mini Waffles
The Belgian Waffle Co.,"V V Puram, Shankarapura",4.5,100+ ratings,Assorted Mini Waffle Combo Pack of 6,439.05,"In the mood for variety try a carefully curated and eclectic range of some of our fan favorites. Includes our naked nutella, belgian chocolate, chcoolate overload, dark & white fantasy, red velvet, pink almond crunch all in one combo pack.",Mini Waffles
The Belgian Waffle Co.,"V V Puram, Shankarapura",4.5,100+ ratings,Honey Butter Pancakes (8 Pcs),88.57,Classic mini pancakes + warm melted butter with honey drizzle. An american classic.,
The Belgian Waffle Co.,"V V Puram, Shankarapura",4.5,100+ ratings,Maple Butter Pancakes (8 Pcs),88.57,Classic mini pancakes + warm melted butter with maple syrup drizzle. An american classic.,
The Belgian Waffle Co.,"V V Puram, Shankarapura",4.5,100+ ratings,Strawberry Creamcheese Pancakes (8 Pcs),135.24,Classic mini pancakes + strawberry compote layered with philadelphia style cream cheese. Deliciously tart.,
The Belgian Waffle Co.,"V V Puram, Shankarapura",4.5,100+ ratings,Blueberry Creamcheese Pancakes (8 Pcs),145.71,Classic mini pancakes + blueberry compote layered with philadelphia style cream cheese. Deliciously tart.,
The Belgian Waffle Co.,"V V Puram, Shankarapura",4.5,100+ ratings,Belgian Chocolate - Milk Pancakes (8 Pcs),116.19,Classic mini pancakes + melted belgian milk chocolate. Simplicity at its best.,
The Belgian Waffle Co.,"V V Puram, Shankarapura",4.5,100+ ratings,Belgian Chocolate - Dark Pancakes (8 Pcs),116.19,Classic mini pancakes + melted belgian dark chocolate. Darker simplicity.,
The Belgian Waffle Co.,"V V Puram, Shankarapura",4.5,100+ ratings,Butterscotch Crunch Pancakes (8 Pcs),108.57,Classic mini pancakes + crunchy butterscotch fudge. Go on indulge.,
The Belgian Waffle Co.,"V V Puram, Shankarapura",4.5,100+ ratings,Coffee Mocha Pancakes (8 Pcs),116.19,Classic mini pancakes + melted chocolate infused with coffee crumbs. For coffee lovers.,
The Belgian Waffle Co.,"V V Puram, Shankarapura",4.5,100+ ratings,Naked Nutella Pancakes (8 Pcs),156.19,Classic mini pancakes + premium european chocolate hazelnut spread (add banana if you like) a universal favorite.,
The Belgian Waffle Co.,"V V Puram, Shankarapura",4.5,100+ ratings,Kitkat Pancakes (8 Pcs),125.71,Classic mini pancakes + melted belgian white chocolate and kit kat bits. Kit kat lovers.,
The Belgian Waffle Co.,"V V Puram, Shankarapura",4.5,100+ ratings,Chocolate Overload- Milk Pancakes (8 Pcs),125.71,Signature dark chocolate batter + melted belgian milk chocolate. Double the choclate.,
The Belgian Waffle Co.,"V V Puram, Shankarapura",4.5,100+ ratings,Chocolate Overload - Dark Pancakes (8 Pcs),125.71,Signature dark chocolate mini pancake + melted belgian dark chocolate. Double the chocolate,
The Belgian Waffle Co.,"V V Puram, Shankarapura",4.5,100+ ratings,Dark & White Fantasy Pancakes (8 Pcs),125.71,Classic mini pancakes with signature dark chocolate batter + fondant of melted belgian white chocolate. A match made in heaven.,
The Belgian Waffle Co.,"V V Puram, Shankarapura",4.5,100+ ratings,Triple Chocolate Pancakes (8 Pcs),136.19,"Signature dark chocolate batter + 3 layers of white, milk and dark melted belgian chocolate. The most indulgent mini chocolate pancakes.",
The Belgian Waffle Co.,"V V Puram, Shankarapura",4.5,100+ ratings,Kiki And Oreo Cream Pancakes (8 Pcs),116.19,Signature black velvet waffle + our special blue filling with crunchy oreo bits. Kiki do you love me.,
The Belgian Waffle Co.,"V V Puram, Shankarapura",4.5,100+ ratings,Biscoff Milkyway Pancake (8Pcs),124.76,Signature black velvet mini pancakes + fondant of melted white chocolate filled with crunchy lotus biscoff bits. An all time favourite.,
The Belgian Waffle Co.,"V V Puram, Shankarapura",4.5,100+ ratings,Red Velvet Pancakes (8 Pcs),125.71,Original red velvet mini pancakes + melted belgian white chocolate. A true original.,
The Belgian Waffle Co.,"V V Puram, Shankarapura",4.5,100+ ratings,Pink Almond Crunch Pancake (8 Pcs),125.71,Original red velvet waffle + roasted almond bits in a creamy cotton candy filling. Re live your childhood memories.,
The Belgian Waffle Co.,"V V Puram, Shankarapura",4.5,100+ ratings,Cashewnut Butter Pancake (8 Pcs),145.71,Classic crispy pancake + creamy cashewnut butter with melted chocolate swirl.,
The Belgian Waffle Co.,"V V Puram, Shankarapura",4.5,100+ ratings,Almond Cocoa Butter Pancakes (8 Pcs),136.19,Classic mini pancakes + cocoa butter topped with roasted almonds. An american classic.,
The Belgian Waffle Co.,"V V Puram, Shankarapura",4.5,100+ ratings,Peanut Butter Pancake (8 Pcs),125.71,Classic crispy pancake + crunchy roasted peanut butter with melted chocolate swirl (add banana if you like).,
The Belgian Waffle Co.,"V V Puram, Shankarapura",4.5,100+ ratings,Ice Cream And Fudge Chocolate Pancakes (8Pcs),125.71,Classic mini pancakes + a thick layer of chocolate ice cream topped with chocolate fudge. A dreamy combination.,
The Belgian Waffle Co.,"V V Puram, Shankarapura",4.5,100+ ratings,Rocky Road Pancakes (8Pcs),156.19,Signature dark chocolate mini pancakes + vanilla ice cream + oreos + roasted almonds + fudge. Simply majestic.,
The Belgian Waffle Co.,"V V Puram, Shankarapura",4.5,100+ ratings,Ice Cream And Fudge Vanilla Pancakes (8Pcs),125.71,Classic mini pancakes + a thick layer of vanilla ice cream topped with chocolate fudge. A dreamy combination.,
The Belgian Waffle Co.,"V V Puram, Shankarapura",4.5,100+ ratings,Triple Cookie Mini Pancake,165.71,"Original red velvet mini pancake + a divine combination of biscoff, oreo and kit kat bits in melted white chocolate and vanilla ice cream. A must try symphony of flavours and textures.",
The Belgian Waffle Co.,"V V Puram, Shankarapura",4.5,100+ ratings,67% Less Sugar Belgian Chocolate Milk Waffle,155.24,67% less sugar for the conscious chocoholic in a classic crispy waffle + melted belgian milk chocolate.,Less Sugar Waffles And Pancakes
The Belgian Waffle Co.,"V V Puram, Shankarapura",4.5,100+ ratings,67% Less Sugar Belgian Chocolate Dark Waffle,155.24,67% less sugar for the conscious chocoholic in a classic crispy waffle + melted belgian dark chocolate.,Less Sugar Waffles And Pancakes
The Belgian Waffle Co.,"V V Puram, Shankarapura",4.5,100+ ratings,67% Less Sugar Chocolate Overload Milk Waffle,165.71,"Double the chocolate,less than half the calories 67% less sugar with signature dark chocolate batter + melted belgian milk chocolate",Less Sugar Waffles And Pancakes
The Belgian Waffle Co.,"V V Puram, Shankarapura",4.5,100+ ratings,67% Less Sugar Chocolate Overload Dark Waffle,165.71,"Double the chocolate, less than half the calories 67% less sugar with signature dark chocolate batter + melted belgian dark chocolate",Less Sugar Waffles And Pancakes
The Belgian Waffle Co.,"V V Puram, Shankarapura",4.5,100+ ratings,67% Less Sugar Belgian Chocolate Milk Pancakes (8 Pcs),125.71,67% less sugar for the conscious chocoholic in a classic mini pancakes + melted belgian milk chocolate.,Less Sugar Waffles And Pancakes
The Belgian Waffle Co.,"V V Puram, Shankarapura",4.5,100+ ratings,67% Less Sugar Belgian Chocolate Dark Pancakes (8 Pcs),125.71,67% less sugar for the conscious chocoholic in a classic mini pancakes + melted belgian dark chocolate.,Less Sugar Waffles And Pancakes
The Belgian Waffle Co.,"V V Puram, Shankarapura",4.5,100+ ratings,67% Less Sugar Chocolate Overload Milk Pancakes (8 Pcs),136.19,"Double the chocolate, less than half the calories! 67% less sugar with signature dark chocolate batter + melted belgian milk chocolate.",Less Sugar Waffles And Pancakes
The Belgian Waffle Co.,"V V Puram, Shankarapura",4.5,100+ ratings,67% Less Sugar Chocolate Overload Dark Pancakes (8 Pcs),136.19,"Double the chocolate, less than half the calories! 67% less sugar with signature dark chocolate batter + melted belgian dark chocolate.",Less Sugar Waffles And Pancakes
The Belgian Waffle Co.,"V V Puram, Shankarapura",4.5,100+ ratings,Death By Chocolate Waffle Cake(Single Layer),330.48,"Signature dark chocolate single layer waffle cake layered with creamy White, Milk and Dark melted Belgian Chocolate. Triple the chocolate, triple the fun! Sorry! Our specialised Waffle Cake do not allow for customised icing messages.",Waffle Cakes
The Belgian Waffle Co.,"V V Puram, Shankarapura",4.5,100+ ratings,Death By Chocolate Waffle Cake(Double Layer),529.52,"Signature dark chocolate double layer waffle cake layered inside and out with creamy White, Milk and Dark melted Belgian Chocolate. Triple the chocolate, triple the fun! Sorry! Our specialised Waffle Cake do not allow for customised icing messages.",Waffle Cakes
The Belgian Waffle Co.,"V V Puram, Shankarapura",4.5,100+ ratings,Red Velvet Waffle Cake(Single Layer),330.48,Original Red Velvet single layer waffle cake layered with Philadelphia style cream cheese and melted white chocolate topped with red velvet crumbs. A true Original! Sorry! Our specialised Waffle Cake do not allow for customised icing messages.,Waffle Cakes
The Belgian Waffle Co.,"V V Puram, Shankarapura",4.5,100+ ratings,Red Velvet Waffle Cake(Double Layer),529.52,Original Red Velvet double layer waffle cake layered with Philadelphia style cream cheese and melted white chocolate inside and out topped with red velvet crumbs. A true Original! Sorry! Our specialised Waffle Cake do not allow for customised icing messages.,Waffle Cakes
The Belgian Waffle Co.,"V V Puram, Shankarapura",4.5,100+ ratings,Kiki And Oreo Cream Waffle Cake (Single Layer),330.48,Classic crispy single layer waffle cake layered thick with Kiki spread and topped with Crushed Oreos. A universal favorite! Sorry! Our specialised Waffle Cake do not allow for customised icing messages.,Waffle Cakes
The Belgian Waffle Co.,"V V Puram, Shankarapura",4.5,100+ ratings,Kiki And Oreo Cream Waffle Cake (Double Layer),529.52,Classic crispy double layer waffle cake layered thick inside and out with Kiki spread and topped with Crushed Oreos. A universal favorite! Sorry! Our specialised Waffle Cake do not allow for customised icing messages.,Waffle Cakes
The Belgian Waffle Co.,"V V Puram, Shankarapura",4.5,100+ ratings,Oreo Shake,160.95,Thick shake blended with tons of chocloate oreos.,
The Belgian Waffle Co.,"V V Puram, Shankarapura",4.5,100+ ratings,Belgian Chocolate Shake,160.95,One of our darker chocolate shakes made with belgian chocolate.,
The Belgian Waffle Co.,"V V Puram, Shankarapura",4.5,100+ ratings,Banana Peanut Butter,180.95,"Healthier indulgence, a delicious smoothie blended with bananas and roasted peanut butter.",
The Belgian Waffle Co.,"V V Puram, Shankarapura",4.5,100+ ratings,Kitkat Shake,180,A chocolaty shake topped with kit kat bits.,
The Belgian Waffle Co.,"V V Puram, Shankarapura",4.5,100+ ratings,Blueberry White Chocolate,180,A smoothie blended with bluberries and white chocolate.,
The Belgian Waffle Co.,"V V Puram, Shankarapura",4.5,100+ ratings,Nutella Shake,219.05,Our signature shake made with real nutella.,
The Belgian Waffle Co.,"V V Puram, Shankarapura",4.5,100+ ratings,Signature Cold Coffee,130.48,Our perfectly balanced cold coffee.,
The Belgian Waffle Co.,"V V Puram, Shankarapura",4.5,100+ ratings,Peach Iced Tea,103.81,Refreshing peach iced tea.,
The Belgian Waffle Co.,"V V Puram, Shankarapura",4.5,100+ ratings,Lemon Iced Tea,103.81,Refreshing lemon iced tea.,
The Belgian Waffle Co.,"V V Puram, Shankarapura",4.5,100+ ratings,Berry Lemonade,130.48,Pink lemonade shaken with blueberries.,
The Belgian Waffle Co.,"V V Puram, Shankarapura",4.5,100+ ratings,Stroopwafel Box Of 6- Chocolate  ,533,"Indulge in our newly launched stroopwafels. The chocolate pack of 6 includes 2 pieces of sir chocolate dark, sir chocolat milk and voila nutella.",Christmas Specials
The Belgian Waffle Co.,"V V Puram, Shankarapura",4.5,100+ ratings,Stroopwafel Box Of 6- Assorted  ,514,"Indulge in our newly launched stroopwafels. The assorted pack of 6 includes sir chocolat milk, sir chocolate dark, sir chocolat white, the red dutchess, voila Nutella and kiki and cream.",Christmas Specials
The Belgian Waffle Co.,"V V Puram, Shankarapura",4.5,100+ ratings,Happiness In Mini Version + 1 Free Delight,456,Buy Chocolate Mini Waffle Combo pack of 6 and select 1 FREE waffle or pancake from our top picks.,Christmas Specials
The Belgian Waffle Co.,"V V Puram, Shankarapura",4.5,100+ ratings,Keep Cake & Celebrate + 1 Free Delight        ,529.52,"Choose any one double-layer waffle cake, Death by chocolate Waffle Cake / Red velvet waffle Cake / Kiki and Oreo Cream waffle cake and select 1 FREE waffle or pancake from our top picks.",Christmas Specials
The Belgian Waffle Co.,"V V Puram, Shankarapura",4.5,100+ ratings,3 Belgian Chocolate Milk Waffle + 1 Free Delight         ,437.14,Buy belgian chocolate waffle & select 1 free waffle or pancake from our top picks,Christmas Specials
The Belgian Waffle Co.,"V V Puram, Shankarapura",4.5,100+ ratings,3 Belgian Chocolate Dark Waffle + 1 Free Delight                ,437.14,Buy belgian chocolate waffle & select 1 free waffle or pancake from our top picks,Christmas Specials
The Belgian Waffle Co.,"V V Puram, Shankarapura",4.5,100+ ratings,Triple Flavour Festivities + 1 Free Delight,466.67,"Buy triple chocolate, red velvet, Kiki & Oreo Cream Waffle & select 1 free waffle or pancake from our top picks.",Christmas Specials
The Belgian Waffle Co.,"V V Puram, Shankarapura",4.5,100+ ratings,Signature Waffles + 1 FREE Delight,447,Pink almond crunch waffle + Dark & White Fantasy waffle + Belgian chocolate waffle (dark) and select 1 FREE waffle or pancake from our top picks.,Christmas Specials
The Belgian Waffle Co.,"V V Puram, Shankarapura",4.5,100+ ratings,Chocolate Trio Combo Of 3                           ,425.71,Triple Chocolate Waffle + Naked Nutella Waffle + Sir Chocolate Milk Stroopwafel,
The Belgian Waffle Co.,"V V Puram, Shankarapura",4.5,100+ ratings,Nutella Fix - Combo of 3,547.62,Naked nutella waffle + naked nutella pancake + nutella shake,
The Belgian Waffle Co.,"V V Puram, Shankarapura",4.5,100+ ratings,Triple Batter Bliss (Combo of 3),446.67,Chocolate Overload Milk Waffle + Kiki & Oreo Cream Waffle + Belgian Chocolate Dark Waffle,
The Belgian Waffle Co.,"V V Puram, Shankarapura",4.5,100+ ratings,Chocomania Club - Combo of 4,665.71,Belgian Chocolate Waffle (Milk) + Vanilla Ice Cream In Cup + Triple Chocolate Pancake + Naked Nutella Waffle + Belgian Chocolate Shake (Hygiene Packaging),
Burger King,"Opposite To West Side, Shivaji Nagar",4.2,1000+ ratings,Cheese Melt Down Burger,169,"Cheese oozing spicy veg patty, veggies and creamy sauce. An indulgent treat from our King's Collection!",Recommended
Burger King,"Opposite To West Side, Shivaji Nagar",4.2,1000+ ratings,Fiery Chicken Burger,179,"Too Hot to Handle. Our Spicy & Crunchy Chicken Patty topped with crispy lettuce, juicy tomatoes and creamy sauce with our unique corn dust buns. An indulgent treat from our King's Collection!",Recommended
Burger King,"Opposite To West Side, Shivaji Nagar",4.2,1000+ ratings,Anytime Combo (Veg),476,2 Crispy Veg Double Patty+ 1 King Peri Peri Fries + 1 Veggie Strips + 2 Pepsi (M),Recommended
Burger King,"Opposite To West Side, Shivaji Nagar",4.2,1000+ ratings,Anytime Combo (Chicken),594,2 Crispy Chicken Double Patty + 1King Peri Peri Fries + 1 Chicken Fries + 2 Pepsi (M),Recommended
Burger King,"Opposite To West Side, Shivaji Nagar",4.2,1000+ ratings,WFH Combo (Veg),694,2Veg Whopper + 1King Peri Peri Fries + 1 Veggie Strips +1 Chocolate Shake +1 Pepsi (M),Recommended
Burger King,"Opposite To West Side, Shivaji Nagar",4.2,1000+ ratings,Mini Treat Combo (Chicken),673,1 Classic Chicken + 2 Crispy Chicken Double Patty + 1 King Fries + 1Chicken Fries + 2 Pepsi (M),Recommended
Burger King,"Opposite To West Side, Shivaji Nagar",4.2,1000+ ratings,Crispy Chicken Double Patty + Crispy Chicken Double Patty,238,Crispy Chicken Double Patty + Crispy Chicken Double Patty,Recommended
Burger King,"Opposite To West Side, Shivaji Nagar",4.2,1000+ ratings,Chicken Whopper + Chicken Whopper,358,Chicken Whopper + Chicken Whopper,Recommended
Burger King,"Opposite To West Side, Shivaji Nagar",4.2,1000+ ratings,2 Lite Whopper Jr Chicken + 1 King Fries+ 1 Chicken Fries,416,2 Lite Whopper Jr Chicken + 1 King Fries+ 1 Chicken Fries,Recommended
Burger King,"Opposite To West Side, Shivaji Nagar",4.2,1000+ ratings,2 Crispy Chicken Double Patty + 1King Fries + 1 Chicken Fries,416,2 Crispy Chicken Double Patty + 1King Fries + 1 Chicken Fries,Recommended
Burger King,"Opposite To West Side, Shivaji Nagar",4.2,1000+ ratings,2 Crispy Veg Double Patty + 1King Fries + 1Veggie strips,298,2 Crispy Veg Double Patty + 1King Fries + 1Veggie strips,Recommended
Burger King,"Opposite To West Side, Shivaji Nagar",4.2,1000+ ratings,2 Lite Whopper Jr Veg + 1 King Fries + 1 Veggie strips,366,2 Lite Whopper Jr Veg + 1 King Fries + 1 Veggie strips,Recommended
Burger King,"Opposite To West Side, Shivaji Nagar",4.2,1000+ ratings,Chocolate Mousse Cup,109,Airy and creamy chocolate mousse topped with chocolate ganache and choco chips,Recommended
Burger King,"Opposite To West Side, Shivaji Nagar",4.2,1000+ ratings,Hashbrown,29,What every potato wants to be.,Recommended
Burger King,"Opposite To West Side, Shivaji Nagar",4.2,1000+ ratings,Veggie Strips - 5 Pcs,49,Vegetarian's favourite finger food.,Recommended
Burger King,"Opposite To West Side, Shivaji Nagar",4.2,1000+ ratings,King Fries,99,The perfect crispy partner.,Recommended
Burger King,"Opposite To West Side, Shivaji Nagar",4.2,1000+ ratings,Cheesy Fries,109,"Crispy french fries, loads of cheese, yum!",Recommended
Burger King,"Opposite To West Side, Shivaji Nagar",4.2,1000+ ratings,Chocolate Thick Shake,149,Our signature chocolate thick shake.,Recommended
Burger King,"Opposite To West Side, Shivaji Nagar",4.2,1000+ ratings,Boneless Wings Large,249,7pcs Boneless Chicken Bites,Recommended
Burger King,"Opposite To West Side, Shivaji Nagar",4.2,1000+ ratings,Chicken Tandoor Grill Burger,149,"Desiness Alert! Flame grilled Tandoori Chicken, mint sauce with fresh onion  with our unique corn dust buns. An indulgent treat from our King's Collection!",New Kings Collection Burgers
Burger King,"Opposite To West Side, Shivaji Nagar",4.2,1000+ ratings,Cheese Melt Down Burger,169,"Cheese oozing spicy veg patty, veggies and creamy sauce. An indulgent treat from our King's Collection!",New Kings Collection Burgers
Burger King,"Opposite To West Side, Shivaji Nagar",4.2,1000+ ratings,Fiery Chicken Burger,179,"Too Hot to Handle. Our Spicy & Crunchy Chicken Patty topped with crispy lettuce, juicy tomatoes and creamy sauce with our unique corn dust buns. An indulgent treat from our King's Collection!",New Kings Collection Burgers
Burger King,"Opposite To West Side, Shivaji Nagar",4.2,1000+ ratings,Paneer Overload Burger,179,"A patty with paneer sandiwched with masala, veggies and creamy sauce. An indulgent treat from our King's Collection!",New Kings Collection Burgers
Burger King,"Opposite To West Side, Shivaji Nagar",4.2,1000+ ratings,Just Friends Combo- Veg,679,2 Lite Whopper Jr Veg + 2 Med Pepsi + 1 Med Fries + 2 Chocolate Mousse cup,Flavours of Love Combos
Burger King,"Opposite To West Side, Shivaji Nagar",4.2,1000+ ratings,Just Friends Combo- Chicken,699,2 Lite Whopper Jr Chicken + 2 Med Pepsi + 1 Med Fries + 2 Chocolate Mousse cup,Flavours of Love Combos
Burger King,"Opposite To West Side, Shivaji Nagar",4.2,1000+ ratings,Tum Hi Ho Combo - Veg,759,2 Veg Whopper + 2 Med Pepsi + 1 Med Fries + 2 Chocolate Mousse cup,Flavours of Love Combos
Burger King,"Opposite To West Side, Shivaji Nagar",4.2,1000+ ratings,Tum Hi Ho Combo - Chicken,819,2 Chicken Whopper + 2 Med Pepsi + 1 Med Fries + 2 Chocolate Mousse cup,Flavours of Love Combos
Burger King,"Opposite To West Side, Shivaji Nagar",4.2,1000+ ratings,No Strings Attached Combo - Veg,859,2 Twisted Whopper Veg + 2 Med Pepsi + 1 Med Fries + 2 Chocolate Mousse cup,Flavours of Love Combos
Burger King,"Opposite To West Side, Shivaji Nagar",4.2,1000+ ratings,No Strings Attached Combo - Chicken,899,2 Twisted Whopper Chicken + 2 Med Pepsi + 1 Med Fries + 2 Chocolate Mousse cup,Flavours of Love Combos
Burger King,"Opposite To West Side, Shivaji Nagar",4.2,1000+ ratings,Anytime Combo (Veg),476,2 Crispy Veg Double Patty+ 1 King Peri Peri Fries + 1 Veggie Strips + 2 Pepsi (M),
Burger King,"Opposite To West Side, Shivaji Nagar",4.2,1000+ ratings,Anytime Combo (Chicken),594,2 Crispy Chicken Double Patty + 1King Peri Peri Fries + 1 Chicken Fries + 2 Pepsi (M),
Burger King,"Opposite To West Side, Shivaji Nagar",4.2,1000+ ratings,WFH Combo (Veg),694,2Veg Whopper + 1King Peri Peri Fries + 1 Veggie Strips +1 Chocolate Shake +1 Pepsi (M),
Burger King,"Opposite To West Side, Shivaji Nagar",4.2,1000+ ratings,2 Cheese Meltdown + 1King Fries + 2 Med Pepsi,595,2 Cheese Meltdown + 1King Fries + 2 Med Pepsi,
Burger King,"Opposite To West Side, Shivaji Nagar",4.2,1000+ ratings,2 Fiery Chicken + 1King Fries + 2 Med Pepsi,615,2 Fiery Chicken + 1King Fries + 2 Med Pepsi,
Burger King,"Opposite To West Side, Shivaji Nagar",4.2,1000+ ratings,Mini Treat Combo (Veg),606,1 Classic Veg + 2 Crispy Veg Double + 2 Medium Fries + 1 Veggie Strips + 2 Pepsi (M),
Burger King,"Opposite To West Side, Shivaji Nagar",4.2,1000+ ratings,Mini Treat Combo (Chicken),673,1 Classic Chicken + 2 Crispy Chicken Double Patty + 1 King Fries + 1Chicken Fries + 2 Pepsi (M),
Burger King,"Opposite To West Side, Shivaji Nagar",4.2,1000+ ratings,Binge Combo ( Veg),676,1 Veg Whopper + 2Crispy Veg Double+ 2 medium Fries + 1 Veggie Strips + 2 Pepsi (M),
Burger King,"Opposite To West Side, Shivaji Nagar",4.2,1000+ ratings,Binge Combo ( Chicken ),745,1 Chicken Whopper + 2 Crispy Chicken + 1 King Fries + Regular Boneless + 2 Pepsi (M),
Burger King,"Opposite To West Side, Shivaji Nagar",4.2,1000+ ratings,Chillax Combo (Veg),773,2 Classic Veg + 2 Crispy Veg + 2 Medium Fries + 2 Veggie Strips + 3 Pepsi (M),
Burger King,"Opposite To West Side, Shivaji Nagar",4.2,1000+ ratings,BK Classic Chicken + BK Classic Chicken,198,BK Classic Chicken + BK Classic Chicken,
Burger King,"Opposite To West Side, Shivaji Nagar",4.2,1000+ ratings,Chicken Makhani Burst + Lite Whopper Jr Chicken,199,Chicken Makhani Burst + Lite Whopper Jr Chicken,
Burger King,"Opposite To West Side, Shivaji Nagar",4.2,1000+ ratings,Crispy Chicken Double Patty + Crispy Chicken Double Patty,238,Crispy Chicken Double Patty + Crispy Chicken Double Patty,
Burger King,"Opposite To West Side, Shivaji Nagar",4.2,1000+ ratings,Chicken Whopper + Chicken Whopper,358,Chicken Whopper + Chicken Whopper,
Burger King,"Opposite To West Side, Shivaji Nagar",4.2,1000+ ratings,Twisted Whopper Veg + Twisted Whopper Veg,398,Twisted Whopper Veg + Twisted Whopper Veg,
Burger King,"Opposite To West Side, Shivaji Nagar",4.2,1000+ ratings,Twisted Whopper Chicken + Twisted Whopper Chicken,438,Twisted Whopper Chicken + Twisted Whopper Chicken,
Burger King,"Opposite To West Side, Shivaji Nagar",4.2,1000+ ratings,2 Chicken Whopper + 2 Crispy Chicken + 5pc- Chicken Sticks + 1 King Fries + 4 Pepsi,1012,2 Chicken Whopper + 2 Crispy Chicken + 1 Chicken Fries + 1 King Fries + 4 Pepsi (M),
Burger King,"Opposite To West Side, Shivaji Nagar",4.2,1000+ ratings,2 Veg Whopper + 2Crispy Veg + 5pc Veggie Strips + 1 King Fries + 4 Medium Pepsi,872,2 Veg Whopper + 2 Crispy Veg + 5pc Veggie Strips + 1 King Fries + 4 Pepsi (M),
Burger King,"Opposite To West Side, Shivaji Nagar",4.2,1000+ ratings,1 Crispy Chicken + 1 Chocolate Thick Shake,218,1 Crispy Chicken + 1 Chocolate Thick Shake,
Burger King,"Opposite To West Side, Shivaji Nagar",4.2,1000+ ratings,1 Chicken Whopper + 1 Chocolate Thick Shake,328,1 Chicken Whopper + 1 Chocolate Thick Shake,
Burger King,"Opposite To West Side, Shivaji Nagar",4.2,1000+ ratings,1 Crispy Veg + 1 Chocolate Thick Shake,204,1 Crispy Veg + 1 Chocolate Thick Shake,
Burger King,"Opposite To West Side, Shivaji Nagar",4.2,1000+ ratings,1 Veg Whopper + 1 Chocolate Thick Shake,298,1 Veg Whopper + 1 Chocolate Thick Shake,
Burger King,"Opposite To West Side, Shivaji Nagar",4.2,1000+ ratings,1 Paneer Overload Burger + 1 Chocolate Thick Shake,328,1 Paneer Overload Burger + 1 Chocolate Thick Shake,
Burger King,"Opposite To West Side, Shivaji Nagar",4.2,1000+ ratings,2 Lite Whopper Jr Chicken + 1 King Fries+ 1 Chicken Fries,416,2 Lite Whopper Jr Chicken + 1 King Fries+ 1 Chicken Fries,
Burger King,"Opposite To West Side, Shivaji Nagar",4.2,1000+ ratings,2 Crispy Chicken Double Patty + 1King Fries + 1 Chicken Fries,416,2 Crispy Chicken Double Patty + 1King Fries + 1 Chicken Fries,
Burger King,"Opposite To West Side, Shivaji Nagar",4.2,1000+ ratings,2 Crispy Veg Double Patty + 1King Fries + 1Veggie strips,298,2 Crispy Veg Double Patty + 1King Fries + 1Veggie strips,
Burger King,"Opposite To West Side, Shivaji Nagar",4.2,1000+ ratings,2 Lite Whopper Jr Veg + 1 King Fries + 1 Veggie strips,366,2 Lite Whopper Jr Veg + 1 King Fries + 1 Veggie strips,
Burger King,"Opposite To West Side, Shivaji Nagar",4.2,1000+ ratings,2 Crispy Veg Double Patty + 1 King Fries +1Chocolate mousse cup,358,2 Crispy Veg Double Patty + 1 King Fries +1Chocolate mousse cup,
Burger King,"Opposite To West Side, Shivaji Nagar",4.2,1000+ ratings,2 Crispy Chicken + 1 King Fries +1Chocolate mousse cup,368,2 Crispy Chicken + 1 King Fries +1Chocolate mousse cup,
Burger King,"Opposite To West Side, Shivaji Nagar",4.2,1000+ ratings,1 Cheese Meltdown + 1 Veggie Strips + 1  Chocolate Mousse cup,327,1 Cheese Meltdown +1 Veggie Strips + 1  Chocolate Mousse cup,
Burger King,"Opposite To West Side, Shivaji Nagar",4.2,1000+ ratings,1 Fiery Chicken +1  Chicken Fries + 1 Chocolate Mousse cup,367,1 Fiery Chicken + 1 Chicken Fries + 1 Chocolate Mousse cup,
Burger King,"Opposite To West Side, Shivaji Nagar",4.2,1000+ ratings,2Chicken Whopper + 2Pepsi + 1Cheesy fries + 2 Chocolate Chocolate Mousse Cup,823,2Chicken Whopper + 2Pepsi + 1Cheesy fries + 2 Chocolate Chocolate Mousse Cup,
Burger King,"Opposite To West Side, Shivaji Nagar",4.2,1000+ ratings,2Veg Whopper + 2Pepsi + 1Cheesy fries + 2 Chocolate Chocolate Mousse Cup,763,2Veg Whopper + 2Pepsi + 1Cheesy fries + 2 Chocolate Mousse Cup,
Burger King,"Opposite To West Side, Shivaji Nagar",4.2,1000+ ratings,2 Veg Whopper + 1Cheese Meltdown,467,2 Veg Whopper + 1Cheese Meltdown,
Burger King,"Opposite To West Side, Shivaji Nagar",4.2,1000+ ratings,2 Cheese Meltdown + 1Classic Veg,417,2 Cheese Meltdown + 1Classic Veg,
Burger King,"Opposite To West Side, Shivaji Nagar",4.2,1000+ ratings,2 Chicken Whopper +1Fiery Chicken,537,2 Chicken Whopper +1Fiery Chicken,
Burger King,"Opposite To West Side, Shivaji Nagar",4.2,1000+ ratings,2 Fiery Chicken +1Classic Chicken,457,2 Fiery Chicken +1Classic Chicken,
Burger King,"Opposite To West Side, Shivaji Nagar",4.2,1000+ ratings,Mutton Whopper,299,Flame grilled signature Mutton patty Whopper,Whopper
Burger King,"Opposite To West Side, Shivaji Nagar",4.2,1000+ ratings,Twisted Whopper - Mutton,339,"The biggest Whopper ever, Twisted Whopper, with xxl buns, crunchy chips, flame grilled mutton patty, cheese, loads of veggies & sauces. Big on flavours, big on bite",Whopper
Burger King,"Opposite To West Side, Shivaji Nagar",4.2,1000+ ratings,Mutton Whopper Double Patty,389,"Two much mutton as delicious flame-grilled patties, farm-fresh veggies and mayo is what makes this Mutton Double Whopper a feast for the beast.",Whopper
Burger King,"Opposite To West Side, Shivaji Nagar",4.2,1000+ ratings,Chicken Whopper,179,"Our signature Whopper with 7 layers between the buns. Flame Grilled chicken Patty, fresh onion, crispy lettuce, juicy tomatoes, tangy gherkins, creamy and smoky sauces with xxl buns. It’s Not A Burger, it’s a Whopper.",Whopper
Burger King,"Opposite To West Side, Shivaji Nagar",4.2,1000+ ratings,Chicken Whopper with Cheese,199,"Our signature Whopper with 7 layers between the buns. Flame Grilled chicken Patty with Cheese slice, fresh onion, crispy lettuce, juicy tomatoes(seasonal), tangy gherkins, creamy and smoky sauces with xxl buns. It’s Not A Burger, it’s a Whopper.",Whopper
Burger King,"Opposite To West Side, Shivaji Nagar",4.2,1000+ ratings,Twisted Whopper - Chicken,219,"The biggest Whopper ever, Twisted Whopper, with xxl buns, crunchy chips, flame grilled chicken patty, cheese, loads of veggies & sauces. Big on flavours, big on bite.",Whopper
Burger King,"Opposite To West Side, Shivaji Nagar",4.2,1000+ ratings,Chicken Whopper Double Patty,239,"Our signature Whopper with 7 layers between the buns. Flame Grilled chicken Double Patty, fresh onion, crispy lettuce, juicy tomatoes(seasonal), tangy gherkins, creamy and smoky sauces with xxl buns. It’s Not A Burger, it’s a Whopper.",Whopper
Burger King,"Opposite To West Side, Shivaji Nagar",4.2,1000+ ratings,Veg Whopper,149,"Our signature Whopper with 7 layers between the buns. Extra crunchy veg Patty, fresh onion, crispy lettuce, juicy tomatoes(seasonal), tangy gherkins, creamy and smoky sauces with xxl buns. It’s Not A Burger, it’s a Whopper.",Whopper
Burger King,"Opposite To West Side, Shivaji Nagar",4.2,1000+ ratings,Veg Whopper with Cheese,169,"Our signature Whopper with 7 layers between the buns. Extra crunchy veg Patty with Cheese slice, fresh onion, crispy lettuce, juicy tomatoes, tangy gherkins, creamy and smoky sauces with xxl buns. It’s Not A Burger, it’s a Whopper.",Whopper
Burger King,"Opposite To West Side, Shivaji Nagar",4.2,1000+ ratings,Veg Whopper Double Patty,199,"Our signature Whopper with 7 layers between the buns. Extra crunchy veg Double Patty, fresh onion, crispy lettuce, juicy tomatoes(seasonal), tangy gherkins, creamy and smoky sauces with xxl buns. It’s Not A Burger, it’s a Whopper.",Whopper
Burger King,"Opposite To West Side, Shivaji Nagar",4.2,1000+ ratings,Twisted Whopper - Veg,199,"The biggest Whopper ever, Twisted Whopper, with xxl buns, crunchy chips, extra crunchy veg patty, cheese, loads of veggies & sauces. Big on flavours, big on bite.",Whopper
Burger King,"Opposite To West Side, Shivaji Nagar",4.2,1000+ ratings,Mutton Whopper - Combo,428,"Save Rs 35 |Make room for our fully loaded Whopper with a juicy, flame-grilled Mutton Patty, tangy pickles, fresh veggies, mayo and ketchup served in fresh 5"" buns. Comes with Fries (M) + Pepsi (M)",Meal Combos (Save Rs 35)
Burger King,"Opposite To West Side, Shivaji Nagar",4.2,1000+ ratings,Mutton Twisted Whopper Combo,468,"Save Rs 35 It's sweet yet spicy, spicy yet sweet. Our Limited Time Twisted Mutton Whopper with crunchy chips, flame grilled mutton patty, cheese slice, tangy jalapenos, sweet spicy sauces, juicy tomatoes, crispy lettuce, xxl buns. Comes with Fries (M) + Pepsi (M)",Meal Combos (Save Rs 35)
Burger King,"Opposite To West Side, Shivaji Nagar",4.2,1000+ ratings,Crispy Chicken Combo,209,"Save Rs 35 |Our best-selling burger with crispy chicken patty, fresh onion and our signature sauce. Comes with Fries (M) + Pepsi (M)",Meal Combos (Save Rs 35)
Burger King,"Opposite To West Side, Shivaji Nagar",4.2,1000+ ratings,Spicy Grill Chicken Burger Meal Combo,228,Save Rs 35 |Flame Grilled chicken patty with BK spicy sauce makes this a grill classic.Comes with Fries (M) + Pepsi (M),Meal Combos (Save Rs 35)
Burger King,"Opposite To West Side, Shivaji Nagar",4.2,1000+ ratings,BK Classic Chicken Combo,228,"Save Rs 35 |Our tribute to classic american taste. BK chicken patty, garden fresh crispy lettuce, juicy tomato(seasonal) & our signature sauce. Comes with Fries (M) + Pepsi (M)",Meal Combos (Save Rs 35)
Burger King,"Opposite To West Side, Shivaji Nagar",4.2,1000+ ratings,Lite Whopper Jr Chicken Combo,248,"Save Rs 35 |Our signature Whopper with 7 layers between the buns in a convenient size. Flame Grilled chicken Patty, fresh onion, crispy lettuce, juicy tomatoes, tangy gherkins, creamy and smoky sauces. Comes with Fries (M) + Pepsi (M)",Meal Combos (Save Rs 35)
Burger King,"Opposite To West Side, Shivaji Nagar",4.2,1000+ ratings,Chicken Tandoor Grill - Combo,278,"Save Rs 35 |Desiness Alert! Flame grilled Tandoori Chicken, mint sauce with fresh onion  with our unique corn dust buns. An indulgent treat from our King's Collection! Comes with Fries (M) + Pepsi (M)",Meal Combos (Save Rs 35)
Burger King,"Opposite To West Side, Shivaji Nagar",4.2,1000+ ratings,Big Smoky Grill Chicken Burger Combo,288,Save Rs 35 |Our Big Burger with Flame Grilled smoky chicken patty & loads of sauces makes it a grill treat. Comes with Fries (M) + Pepsi (M),Meal Combos (Save Rs 35)
Burger King,"Opposite To West Side, Shivaji Nagar",4.2,1000+ ratings,Chicken Whopper Combo,308,"Save Rs 35 |Our signature Whopper with 7 layers between the buns. Flame Grilled chicken Patty, fresh onion, crispy lettuce, juicy tomatoes(seasonal), tangy gherkins, creamy and smoky sauces with xxl buns. It’s Not A Burger, it’s a Whopper. Comes with Fries (M) + Pepsi (M)",Meal Combos (Save Rs 35)
Burger King,"Opposite To West Side, Shivaji Nagar",4.2,1000+ ratings,Fiery Chicken - Combo,308,"Save Rs 35 |Too Hot to Handle. Our Spicy & Crunchy Chicken Patty topped with crispy lettuce, juicy tomatoes(seasonal) and creamy sauce with our unique corn dust buns. An indulgent treat from our King's Collection!Comes with Fries (M) + Pepsi (M)",Meal Combos (Save Rs 35)
Burger King,"Opposite To West Side, Shivaji Nagar",4.2,1000+ ratings,Chicken Twisted Whopper Combo,348,"Save Rs 35 |It's sweet yet spicy, spicy yet sweet. Our Limited Time Twisted Chicken Whopper with crunchy chips, flame grilled chicken patty, cheese slice, tangy jalapenos, sweet spicy sauces, juicy tomatoes, crispy lettuce, xxl buns. Comes with Fries (M) + Pepsi (M)",Meal Combos (Save Rs 35)
Burger King,"Opposite To West Side, Shivaji Nagar",4.2,1000+ ratings,King Egg Combo,188,Save Rs 35 | Freshly made egg patty burger. Comes with Fries (M) + Pepsi (M),Meal Combos (Save Rs 35)
Burger King,"Opposite To West Side, Shivaji Nagar",4.2,1000+ ratings,Crispy Veg Combo,184,"Save Rs 35 |Our best-selling burger with crispy veg patty, fresh onion and our signature sauce. Comes with Fries (M) + Pepsi (M)",Meal Combos (Save Rs 35)
Burger King,"Opposite To West Side, Shivaji Nagar",4.2,1000+ ratings,BK Classic Veg Combo,208,"Save Rs 35 |Our tribute to classic american taste. BK veg patty, garden fresh crispy lettuce, juicy tomato(seasonal) & our signature sauce. Comes with Fries (M) + Pepsi (M)",Meal Combos (Save Rs 35)
Burger King,"Opposite To West Side, Shivaji Nagar",4.2,1000+ ratings,Lite Whopper Jr Veg Combo,238,"Save Rs 35 |Our signature Whopper with 7 layers between the buns in a convenient size. Extra crunchy veg Patty, fresh onion, crispy lettuce, juicy tomatoes(seasonal), tangy gherkins, creamy and smoky sauces. Comes with Fries (M) + Pepsi (M)",Meal Combos (Save Rs 35)
Burger King,"Opposite To West Side, Shivaji Nagar",4.2,1000+ ratings,Veg Whopper  Combo,278,"Save Rs 35 |Our signature Whopper with 7 layers between the buns. Extra crunchy veg Patty, fresh onion, crispy lettuce, juicy tomatoes, tangy gherkins, creamy and smoky sauces with xxl buns. It’s Not A Burger, it’s a Whopper. Comes with Fries (M) + Pepsi (M)",Meal Combos (Save Rs 35)
Burger King,"Opposite To West Side, Shivaji Nagar",4.2,1000+ ratings,Cheese Melt down combo,298,"Save Rs 35 |Cheese oozing spicy veg patty, veggies and creamy sauce. An indulgent treat from our King's Collection! Comes with Fries (M) + Pepsi (M)",Meal Combos (Save Rs 35)
Burger King,"Opposite To West Side, Shivaji Nagar",4.2,1000+ ratings,Paneer Overload Combo,308,"Save Rs 35 |A patty with paneer sandiwched with masala, veggies and creamy sauce. An indulgent treat from our King's Collection!Comes with Fries (M) + Pepsi (M)",Meal Combos (Save Rs 35)
Burger King,"Opposite To West Side, Shivaji Nagar",4.2,1000+ ratings,Veg Twisted Whopper Combo,328,"Save Rs 35 |The biggest Whopper ever, Boss Whopper, with xxl buns, crunchy chips, extra crunchy veg patty, cheese, loads of veggies & sauces. Big on flavours, big on bite. Comes with Fries (M) + Pepsi (M)",Meal Combos (Save Rs 35)
Burger King,"Opposite To West Side, Shivaji Nagar",4.2,1000+ ratings,Crispy Chicken Burger,80,"Our best-selling burger with crispy chicken patty, fresh onion and our signature sauce.",Burgers & Wraps
Burger King,"Opposite To West Side, Shivaji Nagar",4.2,1000+ ratings,BK Classic Chicken Burger,99,"Our tribute to classic american taste. BK chicken patty, garden fresh crispy lettuce, juicy tomato(seasonal) & our signature sauce.",Burgers & Wraps
Burger King,"Opposite To West Side, Shivaji Nagar",4.2,1000+ ratings,Spicy Grill Chicken Burger,99,Flame Grilled chicken patty with BK spicy sauce makes this a grill classic.,Burgers & Wraps
Burger King,"Opposite To West Side, Shivaji Nagar",4.2,1000+ ratings,Crispy Chicken with Cheese Burger,100,"Our best-selling burger with cheese slice, crispy chicken patty, onion and our signature sauce.",Burgers & Wraps
Burger King,"Opposite To West Side, Shivaji Nagar",4.2,1000+ ratings,BK Classic Chicken with Cheese Burger,119,"Our tribute to classic american taste. BK chicken patty, garden fresh crispy lettuce, juicy tomato(seasonal), Cheese slice & our signature sauce.",Burgers & Wraps
Burger King,"Opposite To West Side, Shivaji Nagar",4.2,1000+ ratings,Lite Whopper Jr Chicken,119,"Our signature Whopper with 7 layers between the buns in a convenient size. Flame Grilled chicken Patty, fresh onion, crispy lettuce, juicy tomatoes, tangy gherkins, creamy and smoky sauces.",Burgers & Wraps
Burger King,"Opposite To West Side, Shivaji Nagar",4.2,1000+ ratings,Crispy Chicken Double Patty Burger,119,"Our best-selling burger with crispy chicken Double Patty, fresh onion and our signature sauce.",Burgers & Wraps
Burger King,"Opposite To West Side, Shivaji Nagar",4.2,1000+ ratings,Crispy Chicken Double Patty with Cheese,139,"Our best-selling burger with crispy chicken Double Patty, Cheese slice, fresh onion and our signature sauce.",Burgers & Wraps
Burger King,"Opposite To West Side, Shivaji Nagar",4.2,1000+ ratings,Lite Whopper Jr Chicken with Cheese,139,"Our signature Whopper with 7 layers between the buns in a convenient size. Flame Grilled chicken Patty, Cheese slice, fresh onion, crispy lettuce, juicy tomatoes(seasonal), tangy gherkins, creamy and smoky sauces.",Burgers & Wraps
Burger King,"Opposite To West Side, Shivaji Nagar",4.2,1000+ ratings,Big Smoky Grill Chicken Burger,159,Our Big Burger with Flame Grilled smoky chicken patty & loads of sauces makes it a grill treat.,Burgers & Wraps
Burger King,"Opposite To West Side, Shivaji Nagar",4.2,1000+ ratings,Lite Whopper Jr Chicken Double Patty,169,"Our signature Whopper with 7 layers between the buns in a convenient size. Flame Grilled chicken Double Patty, fresh onion, crispy lettuce, juicy tomatoes(seasonal), tangy gherkins, creamy and smoky sauces.",Burgers & Wraps
Burger King,"Opposite To West Side, Shivaji Nagar",4.2,1000+ ratings,Fiery Chicken with Cheese Burger,199,"Too Hot to Handle. Our Spicy & Crunchy Chicken Patty topped with crispy lettuce, juicy tomatoes(seasonal), Cheese Slice and creamy sauce with our unique corn dust buns. An indulgent treat from our King's Collection!",Burgers & Wraps
Burger King,"Opposite To West Side, Shivaji Nagar",4.2,1000+ ratings,Chicken Tandoor grill Double Patty,249,"Desiness Alert! Flame grilled Tandoori Double Chicken, mint sauce with fresh onion  with our unique corn dust buns. An indulgent treat from our King's Collection!",Burgers & Wraps
Burger King,"Opposite To West Side, Shivaji Nagar",4.2,1000+ ratings,Crispy Veg Burger,55,"Our best-selling burger with crispy veg patty, fresh onion and our signature sauce.",Burgers & Wraps
Burger King,"Opposite To West Side, Shivaji Nagar",4.2,1000+ ratings,King Egg Burger,60,Freshly made egg patty burger,Burgers & Wraps
Burger King,"Opposite To West Side, Shivaji Nagar",4.2,1000+ ratings,Crispy Veg Double Patty Burger,75,"Our best-selling burger with crispy veg Double patty, fresh onion and our signature sauce.",Burgers & Wraps
Burger King,"Opposite To West Side, Shivaji Nagar",4.2,1000+ ratings,Crispy Veg with Cheese Burger,75,"Our best-selling burger withcrispy veg patty, Cheese slice, fresh onion and our signature sauce.",Burgers & Wraps
Burger King,"Opposite To West Side, Shivaji Nagar",4.2,1000+ ratings,BK Classic Veg Burger,79,"Our tribute to classic american taste. BK veg patty, garden fresh crispy lettuce, juicy tomato(seasonal) & our signature sauce.",Burgers & Wraps
Burger King,"Opposite To West Side, Shivaji Nagar",4.2,1000+ ratings,King Egg with Cheese,80,Freshly made egg patty burger with a slice of cheese,Burgers & Wraps
Burger King,"Opposite To West Side, Shivaji Nagar",4.2,1000+ ratings,King Egg Double Patty Burger,80,Freshly made egg double patty burger,Burgers & Wraps
Burger King,"Opposite To West Side, Shivaji Nagar",4.2,1000+ ratings,Crispy Veg Double Patty with Cheese,95,"Our best-selling burger with crispy veg Double patty, Cheese slice, fresh onion and our signature sauce.",Burgers & Wraps
Burger King,"Opposite To West Side, Shivaji Nagar",4.2,1000+ ratings,Bk Classic Veg with cheese,99,"Our tribute to classic american taste. BK veg patty, garden fresh crispy lettuce, juicy tomato(seasonal), Cheese slice & our signature sauce.",Burgers & Wraps
Burger King,"Opposite To West Side, Shivaji Nagar",4.2,1000+ ratings,Lite Whopper Jr Veg,109,"Our signature Whopper with 7 layers between the buns in a convenient size. Extra crunchy veg Patty, fresh onion, crispy lettuce, juicy tomatoes(seasonal), tangy gherkins, creamy and smoky sauces.",Burgers & Wraps
Burger King,"Opposite To West Side, Shivaji Nagar",4.2,1000+ ratings,Lite Whopper Jr Veg with Cheese,129,"Our signature Whopper with 7 layers between the buns in a convenient size. Extra crunchy veg Patty, Cheese slice, fresh onion, crispy lettuce, juicy tomatoes(seasonal), tangy gherkins, creamy and smoky sauces.",Burgers & Wraps
Burger King,"Opposite To West Side, Shivaji Nagar",4.2,1000+ ratings,Lite Whopper Jr Veg Double Patty,149,"Our signature Whopper with 7 layers between the buns in a convenient size. Extra crunchy veg Double Patty, fresh onion, crispy lettuce, juicy tomatoes(seasonal), tangy gherkins, creamy and smoky sauces.",Burgers & Wraps
Burger King,"Opposite To West Side, Shivaji Nagar",4.2,1000+ ratings,Cheese Meltdown with Cheese Burger,189,"Cheese oozing spicy veg patty, veggies, Cheese slice and creamy sauce. An indulgent treat from our King's Collection!",Burgers & Wraps
Burger King,"Opposite To West Side, Shivaji Nagar",4.2,1000+ ratings,Paneer Overload with Cheese Burger,199,"A patty with paneer sandiwched with masala, veggies, Cheese slice and creamy sauce. An indulgent treat from our King's Collection!",Burgers & Wraps
Burger King,"Opposite To West Side, Shivaji Nagar",4.2,1000+ ratings,Chicken Makhani Burst Burger,80,Enjoy rich makhani flavour with crispy chicken patty topped with fresh onion,What's New
Burger King,"Opposite To West Side, Shivaji Nagar",4.2,1000+ ratings,Crispy Chicken Wrap,80,"Wrap loaded with crispy chicken patty, crunchy onions and tangy sauce",What's New
Burger King,"Opposite To West Side, Shivaji Nagar",4.2,1000+ ratings,Chicken Fries (5 Pcs) + 1 Dip,99,Chicken Fries 5 PCS + 1 Fiery Hell Dip,What's New
Burger King,"Opposite To West Side, Shivaji Nagar",4.2,1000+ ratings,2 Dips Combo Pack,40,Easy Cheesy Dip + Fiery Hell Dip,What's New
Burger King,"Opposite To West Side, Shivaji Nagar",4.2,1000+ ratings,Crispy veg Wrap,60,"Our crispy veg patty, topped with salad mix, our signature sauce wrapped in a grilled paratha",What's New
Burger King,"Opposite To West Side, Shivaji Nagar",4.2,1000+ ratings,Chicken Makhani Burst Double Patty Burger,120,Enjoy rich makhani flavour with crispy chicken double patty topped with fresh onion,What's New
Burger King,"Opposite To West Side, Shivaji Nagar",4.2,1000+ ratings,Boneless Wings(Regular) + 1 Dip,169,Boneless Wings Regular + 1 Sweet Spice Dip,What's New
Burger King,"Opposite To West Side, Shivaji Nagar",4.2,1000+ ratings,Boneless Wings(Large) + 1 Dip,269,Boneless Wings(Large) + 1 Sweet Spice Dip,What's New
Burger King,"Opposite To West Side, Shivaji Nagar",4.2,1000+ ratings,Veg Crunchy Volcano,60,"Be ready for a crunchy, saucy, explosion. A crunchy volcano shell filled with beans & veg mix, chef's secret sauce, fresh onion & crisp lettuce.",What's New
Burger King,"Opposite To West Side, Shivaji Nagar",4.2,1000+ ratings,Tikki Twist Burger,60,"Tikki bhi, Twist bhi! Our new signature burger with spicy sauce, onion, mix veg patty & a crunchy twist!",What's New
Burger King,"Opposite To West Side, Shivaji Nagar",4.2,1000+ ratings,Veg Makhani Burst Burger,60,Enjoy rich makhani flavour with mix veg patty topped up with fresh onion,What's New
Burger King,"Opposite To West Side, Shivaji Nagar",4.2,1000+ ratings,Veggie Strips(5Pcs) + 1 Dip,69,Veggie Strips(5Pcs) + 1 Easy Cheesy Dip,What's New
Burger King,"Opposite To West Side, Shivaji Nagar",4.2,1000+ ratings,King Egg Wrap,80,"A fresh and fluffy  egg patty loaded with juicy veggies, topped with a delightful spicy sauce, wrapped in a grilled paratha",What's New
Burger King,"Opposite To West Side, Shivaji Nagar",4.2,1000+ ratings,Tikki Twist Double Patty Burger,80,"Tikki bhi, Twist bhi! Our new signature burger with spicy sauce, onion, mix veg double patty & a crunchy twist!",What's New
Burger King,"Opposite To West Side, Shivaji Nagar",4.2,1000+ ratings,Veg Makhani Burst Double Patty Burger,80,Enjoy rich makhani flavour with mix veg double patty topped up with fresh onion,What's New
Burger King,"Opposite To West Side, Shivaji Nagar",4.2,1000+ ratings,Chocolate Mousse Cup,109,Airy and creamy chocolate mousse topped with chocolate ganache and choco chips,What's New
Burger King,"Opposite To West Side, Shivaji Nagar",4.2,1000+ ratings,Fries + Veg Strips + 2 Dips,174,1 Fries +4  Veg strips + 1 Sweet Spice Dip + 1 Easy Cheesy Dip,What's New
Burger King,"Opposite To West Side, Shivaji Nagar",4.2,1000+ ratings,My Fries & Dips Pack,200,1 Fries + 2 Boneless Wings + 1 Fiery Hell Dip  +1  Easy cheesy Dip,What's New
Burger King,"Opposite To West Side, Shivaji Nagar",4.2,1000+ ratings,My Fries & Dips Pack - Non Veg,204,1 Fries + 4 Chicken Fries + 1 Fiery Hell Dip + 1 Easy Cheesy Dip,What's New
Burger King,"Opposite To West Side, Shivaji Nagar",4.2,1000+ ratings,Choco Lava Cup,109,Melty Chocolate filled in cupcake,What's New
Burger King,"Opposite To West Side, Shivaji Nagar",4.2,1000+ ratings,Fiery Hell Dip,20,Chefs Special Spicy Sauce,Sides
Burger King,"Opposite To West Side, Shivaji Nagar",4.2,1000+ ratings,Sweet N Spice Dip,20,Honey Mustard Sauce,Sides
Burger King,"Opposite To West Side, Shivaji Nagar",4.2,1000+ ratings,Easy Cheesy Dip,20,Cheese & Jalapeno Sauce,Sides
Burger King,"Opposite To West Side, Shivaji Nagar",4.2,1000+ ratings,Hashbrown,29,What every potato wants to be.,Sides
Burger King,"Opposite To West Side, Shivaji Nagar",4.2,1000+ ratings,Veggie Strips - 5 Pcs,49,Vegetarian's favourite finger food.,Sides
Burger King,"Opposite To West Side, Shivaji Nagar",4.2,1000+ ratings,Chicken Fries (5 Pcs),79,Chicken in a spicy new avatar.,Sides
Burger King,"Opposite To West Side, Shivaji Nagar",4.2,1000+ ratings,Medium Fries,85,The perfect crispy partner.,Sides
Burger King,"Opposite To West Side, Shivaji Nagar",4.2,1000+ ratings,King Fries,99,The perfect crispy partner.,Sides
Burger King,"Opposite To West Side, Shivaji Nagar",4.2,1000+ ratings,Medium Peri Peri Fries,105,Crispy fries with peri peri spice. Hot indeed,Sides
Burger King,"Opposite To West Side, Shivaji Nagar",4.2,1000+ ratings,Cheesy Fries,109,"Crispy french fries, loads of cheese, yum!",Sides
Burger King,"Opposite To West Side, Shivaji Nagar",4.2,1000+ ratings,Creamy Italian  Fries,109,The lip-smacking duo of creamy classic mayo and tangy tomato herb mayo make these fries very hard to resist!,Sides
Burger King,"Opposite To West Side, Shivaji Nagar",4.2,1000+ ratings,King Peri Peri Fries,119,Crispy fries with peri peri spice. Hot indeed,Sides
Burger King,"Opposite To West Side, Shivaji Nagar",4.2,1000+ ratings,Chocolate Thick Shake,149,Our signature chocolate thick shake.,Beverages
Burger King,"Opposite To West Side, Shivaji Nagar",4.2,1000+ ratings,Mango Thick Shake,149,Our signature mango thick shake.,Beverages
Burger King,"Opposite To West Side, Shivaji Nagar",4.2,1000+ ratings,Berry Blast Thick Shake,149,Rich Creamy Black Currant Thick shake,Beverages
Burger King,"Opposite To West Side, Shivaji Nagar",4.2,1000+ ratings,Boneless Wings Regular,149,4pcs Boneless Chicken Bites,Chicken Wings
Burger King,"Opposite To West Side, Shivaji Nagar",4.2,1000+ ratings,Boneless Wings Large,249,7pcs Boneless Chicken Bites,Chicken Wings
Burger King,"Opposite To West Side, Shivaji Nagar",4.2,1000+ ratings,Hashbrown,29,What every potato wants to be.,Breakfast With BK
Burger King,"Opposite To West Side, Shivaji Nagar",4.2,1000+ ratings,King Egg Wrap,80,"A fresh and fluffy  egg patty loaded with juicy veggies, topped with a delightful spicy sauce, wrapped in a grilled paratha",Breakfast With BK
Polar Bear,"VV Puram, Shankarapura",4.5,100+ ratings,Choco Brownie Fudge,185,"This piece of indulgence has a good twist of chocolate walnut brownie topped with chocolate ice cream with smooth chocolate fudge, Whipped cream, nuts and cherry.",Recommended
Polar Bear,"VV Puram, Shankarapura",4.5,100+ ratings,Chocozilla,185,"Brace yourself for what only seems like Charlie's best from the factory. Chocolate ice cream, chocolate bar, gooey chocolate cake, chocolate sauce, Laced with whipped cream, with oreo chunk sprinkles and a rich garnish of chocolate waffle, Gems, Chocos and some more chocolate bar.",Recommended
Polar Bear,"VV Puram, Shankarapura",4.5,100+ ratings,Hot Chocolate Fudge (Regular),135,Vanilla ice cream dressed in some inviting hot chocolate fudge and sprinkled generously with cashew nuts.,Recommended
Polar Bear,"VV Puram, Shankarapura",4.5,100+ ratings,Death By Chocolate,210,"The Classic - A dangerous combination of vanilla ice cream and gallons of hot chocolate fudge, Armed with the yumminess of dark chocolate cake & roasted cashewnuts.",Recommended
Polar Bear,"VV Puram, Shankarapura",4.5,100+ ratings,Mango Berry,155,"A crazy combination of Vanilla & Mango Ice Cream topped with the most sinful berries, Mango pulp and caramel crackle for that extra crunch.",Recommended
Polar Bear,"VV Puram, Shankarapura",4.5,100+ ratings,Gudbud,165,"A mish mash of Vanilla, Strawberry & Pineapple Ice creams, Fruits and Dry Fruits topped with Pineapple pulp.",Recommended
Polar Bear,"VV Puram, Shankarapura",4.5,100+ ratings,Fruit Zest,175,"A great mix of fruity goodness and topped generously with strawberry, mango and vanilla ice cream, and nuts!  Topped with pineapple fruit preparation.",Recommended
Polar Bear,"VV Puram, Shankarapura",4.5,100+ ratings,Lychee Sundae,185,Velvety and silky smooth ice cream flavored with delicious chunks of fresh lychees.,Recommended
Polar Bear,"VV Puram, Shankarapura",4.5,100+ ratings,Dry Fruit Special,175,"Fully loaded dry fruits like raisin, almonds, dates, and cashew with creamy vanilla ice cream fortified with cherry.",Recommended
Polar Bear,"VV Puram, Shankarapura",4.5,100+ ratings,Chocolate Tremor,145,"Sinful combination of vanilla ice cream, chocolate sauce and roasted peanuts covered in a crunchy and nutty chocolate crust.",Recommended
Polar Bear,"VV Puram, Shankarapura",4.5,100+ ratings,Sundae Tub Tiramisu Grande,297,"Lush Coffee Ice cream and dark chocolate cake drizzled with chocolate & mocha sauce, topped with chocolate shavings.",Recommended
Polar Bear,"VV Puram, Shankarapura",4.5,100+ ratings,Sundae Tub Berry Mascarpone,297,"Cranberry Ice Cream, with dried cranberry & swirls of Cherry compote, Topped with White Chocolate Shavings.",Recommended
Polar Bear,"VV Puram, Shankarapura",4.5,100+ ratings,Sundae Tub Cranberry Cravings,297,"Cranberry Ice Cream, with dried cranberry & swirls of Cherry compote, Topped with White Chocolate Shavings.",Recommended
Polar Bear,"VV Puram, Shankarapura",4.5,100+ ratings,Sundae Tub Gift Pack,0,Start a Yummy Affair with our All New Gift Box. Choose any two flavours from our Sundae Tub Range.,Recommended
Polar Bear,"VV Puram, Shankarapura",4.5,100+ ratings,Choco Walnut Crust,423,"Wow that crackling feeling! sinful layers of chocolate ice cream, Chocolate cake, Chocolate crust & walnuts for those little celebrations in life.",Recommended
Polar Bear,"VV Puram, Shankarapura",4.5,100+ ratings,Red N White,423,"Red velvet ice cream cake for every occasion! delectable layers of red velvet ice cream, red velvet cake, blueberries & white chocolate shavings to kick start the celebrations.",Recommended
Polar Bear,"VV Puram, Shankarapura",4.5,100+ ratings,Black Forest Cake (Regular),869,"Our take of the classic. Chocolate cake layered with creamy Vanilla Ice cream, enrobed in Chocolate Shavings and topped with Cherries.",Recommended
Polar Bear,"VV Puram, Shankarapura",4.5,100+ ratings,Chocolate Truffle Cake (Regular),959,For the Chocolate Addicts. Sumptuous layers of Rich Chocolate Ice cream & Rich Chocolate Cake all covered with Premium Chocolate Ganache.,Recommended
Polar Bear,"VV Puram, Shankarapura",4.5,100+ ratings,Butterscotch Crunch,869,Creamy Butterscotch ice cream layered between caramel sauce and vannila sopnge covered with soft cream & caramel crackles to add  that sweet crunch to your celebrations.,Recommended
Polar Bear,"VV Puram, Shankarapura",4.5,100+ ratings,Brownie Fudge,175,"A classic favorite and for good reason, a foundation of chunky nutty walnut brownie, coated with vanilla ice cream, hot chocolate fudge and generously finished with dollops of whipped cream and a cherry, for extra cheer.",Chocolate Sundaes
Polar Bear,"VV Puram, Shankarapura",4.5,100+ ratings,Choco Brownie Fudge,185,"This piece of indulgence has a good twist of chocolate walnut brownie topped with chocolate ice cream with smooth chocolate fudge, Whipped cream, nuts and cherry.",Chocolate Sundaes
Polar Bear,"VV Puram, Shankarapura",4.5,100+ ratings,Chocozilla,185,"Brace yourself for what only seems like Charlie's best from the factory. Chocolate ice cream, chocolate bar, gooey chocolate cake, chocolate sauce, Laced with whipped cream, with oreo chunk sprinkles and a rich garnish of chocolate waffle, Gems, Chocos and some more chocolate bar.",Chocolate Sundaes
Polar Bear,"VV Puram, Shankarapura",4.5,100+ ratings,Cookie Monster,185,"A drool worthy combination of crushed waffle cones, Smooth vanilla ice cream, Chocolate chips, Chocolate sponge and lots more topped with whipped cream and loaded with oreo cookies, Makes this one amazing creation.",Chocolate Sundaes
Polar Bear,"VV Puram, Shankarapura",4.5,100+ ratings,Hot Chocolate Fudge (Regular),135,Vanilla ice cream dressed in some inviting hot chocolate fudge and sprinkled generously with cashew nuts.,Chocolate Sundaes
Polar Bear,"VV Puram, Shankarapura",4.5,100+ ratings,Hot Chocolate Fudge (Jumbo),175,"Gooey chocolate fudge & Roasted Cashews on silky smooth Vanilla ice cream, Enough to take one on a dreamy voyage.",Chocolate Sundaes
Polar Bear,"VV Puram, Shankarapura",4.5,100+ ratings,Rocky Road,175,"Coffee Brazilia, Chocolate & Vanilla Ice Creams topped with Roasted Almonds, Chocochip & drizzle of Mocha Sauce.",Chocolate Sundaes
Polar Bear,"VV Puram, Shankarapura",4.5,100+ ratings,Red Velvet Choco Sin,185,Creamy vanilla ice cream and gallons of hot chocolate fudge with the yumminess of red velvet cake.,Chocolate Sundaes
Polar Bear,"VV Puram, Shankarapura",4.5,100+ ratings,My DBC,175,"The ""Not to be Shared"" personal version of our Classic DBC. It has all the goodness of the classic like Vanilla Ice Cream, Hot Chocolate Fudge, Rich Chocolate Cake & Roasted Cashewnuts but in a smaller avatar.",Death By Chocolate
Polar Bear,"VV Puram, Shankarapura",4.5,100+ ratings,Death By Chocolate,210,"The Classic - A dangerous combination of vanilla ice cream and gallons of hot chocolate fudge, Armed with the yumminess of dark chocolate cake & roasted cashewnuts.",Death By Chocolate
Polar Bear,"VV Puram, Shankarapura",4.5,100+ ratings,Mango Berry,155,"A crazy combination of Vanilla & Mango Ice Cream topped with the most sinful berries, Mango pulp and caramel crackle for that extra crunch.",Fruit Sundaes
Polar Bear,"VV Puram, Shankarapura",4.5,100+ ratings,Gudbud,165,"A mish mash of Vanilla, Strawberry & Pineapple Ice creams, Fruits and Dry Fruits topped with Pineapple pulp.",Fruit Sundaes
Polar Bear,"VV Puram, Shankarapura",4.5,100+ ratings,Fruit Zest,175,"A great mix of fruity goodness and topped generously with strawberry, mango and vanilla ice cream, and nuts!  Topped with pineapple fruit preparation.",Fruit Sundaes
Polar Bear,"VV Puram, Shankarapura",4.5,100+ ratings,Lychee Sundae,185,Velvety and silky smooth ice cream flavored with delicious chunks of fresh lychees.,Fruit Sundaes
Polar Bear,"VV Puram, Shankarapura",4.5,100+ ratings,Classic Banana Split,179,"Banana drizzled with Caramel Sauce with Vanilla, Strawberry & Chocolate Ice creams topped with Pineapple crush, Chocolate Sauce & strawberry sauce, whipped cream cherries & roasted cashewnuts.",Fruit Sundaes
Polar Bear,"VV Puram, Shankarapura",4.5,100+ ratings,Pine Passion,145,A mix of Pineapple ice cream topped with Pine apple Fruit & Pineapple Compote.,Fruit Sundaes
Polar Bear,"VV Puram, Shankarapura",4.5,100+ ratings,Dry Fruit Special,175,"Fully loaded dry fruits like raisin, almonds, dates, and cashew with creamy vanilla ice cream fortified with cherry.",Fundaes
Polar Bear,"VV Puram, Shankarapura",4.5,100+ ratings,Butter Scotch Blast,165,"Butterscotch ice cream, caramel and chocolate toppings and cashewnuts.",Fundaes
Polar Bear,"VV Puram, Shankarapura",4.5,100+ ratings,Ice Cream Pizza Slice,125,A cake for the base and topped with jelly and ice cream; The ice cream pizza.,Fundaes
Polar Bear,"VV Puram, Shankarapura",4.5,100+ ratings,Banoffee Sundae,185,"Ripe Bananas , Roasted Almonds with Butterscotch & Vanilla Ice Cream and hot chocolate sauce, Caramel Sauce topped with Chocochips & whipped cream.",Fundaes
Polar Bear,"VV Puram, Shankarapura",4.5,100+ ratings,Deep Purple,155,"Luscious blackcurrant ice cream mixed with scoops of various other ice cream, topped with black currant and nuts.",Fundaes
Polar Bear,"VV Puram, Shankarapura",4.5,100+ ratings,Chocolate Blush,135,Strawberry ice cream and Rich chocolate cake covered with chocolate sauce and topped with cashew nuts.,Knockout Sundaes
Polar Bear,"VV Puram, Shankarapura",4.5,100+ ratings,Caramel Peanut Twist,135,"Butterscotch ice cream and banana covered with caramel , mocha sauce and topped with caramel bits and roasted peanuts.",Knockout Sundaes
Polar Bear,"VV Puram, Shankarapura",4.5,100+ ratings,Royale Dark Fantasy,135,"Chocolate lovers dream. Sinful combination of chocolate ice cream, rich chocolate cake and chocolate sauce topped with roasted peanuts",Knockout Sundaes
Polar Bear,"VV Puram, Shankarapura",4.5,100+ ratings,Chocolate Tremor,145,"Sinful combination of vanilla ice cream, chocolate sauce and roasted peanuts covered in a crunchy and nutty chocolate crust.",Knockout Sundaes
Polar Bear,"VV Puram, Shankarapura",4.5,100+ ratings,Triple Luv,145,"Triple delight of vanilla, Pista, and Fruit punch ice creams topped with dried fruits and drizzle of honey.",Knockout Sundaes
Polar Bear,"VV Puram, Shankarapura",4.5,100+ ratings,Sundae Tub Bada Gudbud,297,"A mish mash of vanilla & strawberry ice cream, pineapple pulp, and topped with dry fruits in a pre-packed ice cream sundae tub.",Take Away Sundae Tubs
Polar Bear,"VV Puram, Shankarapura",4.5,100+ ratings,Sundae Tub Brownie Fudge,297,"Gooey chocolate walnut brownie, Topped with smooth vanilla ice cream and Chocolate fudge in a pre-packed ice cream sundae tub.",Take Away Sundae Tubs
Polar Bear,"VV Puram, Shankarapura",4.5,100+ ratings,Sundae tub Choco Blocka,297,"Soft sponge chocolate cake, smooth and Creamy chocolate ice cream and Swirls of chocolate fudge in a pre-packed ice cream sundae tub.",Take Away Sundae Tubs
Polar Bear,"VV Puram, Shankarapura",4.5,100+ ratings,Sundae Tub Tiramisu Grande,297,"Lush Coffee Ice cream and dark chocolate cake drizzled with chocolate & mocha sauce, topped with chocolate shavings.",Take Away Sundae Tubs
Polar Bear,"VV Puram, Shankarapura",4.5,100+ ratings,Sundae Tub Berry Mascarpone,297,"Cranberry Ice Cream, with dried cranberry & swirls of Cherry compote, Topped with White Chocolate Shavings.",Take Away Sundae Tubs
Polar Bear,"VV Puram, Shankarapura",4.5,100+ ratings,Sundae Tub Cranberry Cravings,297,"Cranberry Ice Cream, with dried cranberry & swirls of Cherry compote, Topped with White Chocolate Shavings.",Take Away Sundae Tubs
Polar Bear,"VV Puram, Shankarapura",4.5,100+ ratings,Seven Wonders,289,Seven Assorted Ice Cream Flavours with 1 Topping.,Family Sundaes
Polar Bear,"VV Puram, Shankarapura",4.5,100+ ratings,Family Pizza,435,Indulge in this innovative medley of Ice cream and Cheese topped with the goodness of your favorite drizzle of Lemon & Strawberry sauce and Fruity Jelly Cubes.,Family Sundaes
Polar Bear,"VV Puram, Shankarapura",4.5,100+ ratings,Sundae Tub Gift Pack,0,Start a Yummy Affair with our All New Gift Box. Choose any two flavours from our Sundae Tub Range.,Gifting
Polar Bear,"VV Puram, Shankarapura",4.5,100+ ratings,Choco Walnut Crust,423,"Wow that crackling feeling! sinful layers of chocolate ice cream, Chocolate cake, Chocolate crust & walnuts for those little celebrations in life.",Little Celeb Ice Cream Cakes
Polar Bear,"VV Puram, Shankarapura",4.5,100+ ratings,Red N White,423,"Red velvet ice cream cake for every occasion! delectable layers of red velvet ice cream, red velvet cake, blueberries & white chocolate shavings to kick start the celebrations.",Little Celeb Ice Cream Cakes
Polar Bear,"VV Puram, Shankarapura",4.5,100+ ratings,Alphonso Mango Sorbet,65,Melt in the mouth alphonso mango cubes.,Sorbet
Polar Bear,"VV Puram, Shankarapura",4.5,100+ ratings,Guava Chilli Sorbet,79,Yummy Guava sorbet cubes with a drizzle of chilly & salt.,Sorbet
Polar Bear,"VV Puram, Shankarapura",4.5,100+ ratings,Alphonso Mango Chilli Sorbet,79,Melt in the mouth alphonso mango cubes  with a drizzle of chilly & salt.,Sorbet
Polar Bear,"VV Puram, Shankarapura",4.5,100+ ratings,Black Forest Cake (Regular),869,"Our take of the classic. Chocolate cake layered with creamy Vanilla Ice cream, enrobed in Chocolate Shavings and topped with Cherries.",Ice Cream Cakes
Polar Bear,"VV Puram, Shankarapura",4.5,100+ ratings,Chocolate Truffle Cake (Regular),959,For the Chocolate Addicts. Sumptuous layers of Rich Chocolate Ice cream & Rich Chocolate Cake all covered with Premium Chocolate Ganache.,Ice Cream Cakes
Polar Bear,"VV Puram, Shankarapura",4.5,100+ ratings,Butterscotch Crunch,869,Creamy Butterscotch ice cream layered between caramel sauce and vannila sopnge covered with soft cream & caramel crackles to add  that sweet crunch to your celebrations.,Ice Cream Cakes
